<?xml version="1.0" encoding="UTF-8"?>
<project-private xmlns="http://www.netbeans.org/ns/project-private/1">
    <editor-bookmarks xmlns="http://www.netbeans.org/ns/editor-bookmarks/2" lastBookmarkId="0"/>
    <open-files xmlns="http://www.netbeans.org/ns/projectui-open-files/2">
        <group>
            <file>file:/D:/apl/spring_boot/TCP/demo001/web/index.html</file>
            <file>file:/D:/apl/spring_boot/TCP/demo001/src/java/dao/Cliente.java</file>
            <file>file:/D:/apl/spring_boot/TCP/demo001/src/java/logica/Prestamo.java</file>
            <file>file:/D:/apl/spring_boot/TCP/demo001/src/java/web/SimuladorServ.java</file>
        </group>
    </open-files>
</project-private>
